#,Agency,Website,Phone,Email,Note
1,WebFX,webfx.com,888-601-5359,— (contact form),Large volume — big agency
2,The HOTH,thehoth.com,877-720-4684,— (contact form),White-label friendly
3,SmartSites,smartsites.com,201-870-6000,contact@smartsites.com,Full digital agency
4,1Digital Agency,1digitalagency.com,888-982-8269,info@1digitalagency.com,Also RFP@1digitalagency.com
5,Digital Silk,digitalsilk.com,(800) 206-9413,— (contact form),Web design agency
6,KlientBoost,klientboost.com,(866) 204-2028,friends@klientboost.com,Also 949-220-1195
7,Single Grain,singlegrain.com,800-701-0793,info@singlegrain.com,Digital marketing
8,Ignite Visibility,ignitevisibility.com,619-752-1955,opportunity@ignitevisibility.com,US partner channel
9,LSEO,lseo.com,929-242-6868,— (email protected on site),Also 877-778-1749
10,Lounge Lizard,loungelizard.com,1-888-444-0110,sales@loungelizard.com,Web + branding
11,Fresh Consulting,freshconsulting.com,(425) 201-3713,— (email protected on site),Web + product
12,XD Agency,xdagency.com,—,hello@xdagency.com,Web design studio
13,Big Human,bighuman.com,646-669-9140,— (contact form),"Design/dev studio, NYC"
14,ZURB,zurb.com,(650) 533-0469,getstarted@zurb.com,Product design company
15,Luxury Presence,luxurypresence.com,(310) 955-1077,— (contact form),Real estate web platform
16,WebiMax,webimax.com,856-840-8304,kwisnefski@webimax.com,Also 888-932-4629
17,Ironpaper,ironpaper.com,212-993-7809,— (contact form),B2B marketing
18,SEO.com,seo.com,888-601-5359,— (contact form),Part of WebFX network
19,iProspect,iprospect.com,—,hello@iprospect.com,Global agency (network)
20,Brafton,brafton.com,617-206-3040,info@brafton.com,Content + web
21,HigherVisibility,highervisibility.com,888-598-4449,info@highervisibility.com,Also 901-672-7243
22,Directive Consulting,directiveconsulting.com,(949) 214-4024,— (email protected on site),Performance/SEO agency
23,Designli,designli.co,—,hello@designli.co,Product studio
24,Happy Cog,happycog.com,—,— (email protected on site),Design agency
25,Victorious,victorious.com,—,— (email protected on site),SEO agency
26,Big Drop Inc,bigdropinc.com,— verify on site,— (contact form),Site blocked automated fetch
27,Thrive Agency,thriveagency.com,— verify on site,— (contact form),Site blocked automated fetch
28,Straight North,straightnorth.com,— verify on site,— (contact form),Site blocked automated fetch
29,Powered by Search,poweredbysearch.com,— verify on site,— (contact form),No public info found
30,We Are House,wearehouse.com,— verify on site,— (contact form),Site blocked automated fetch
31,15 Squares,15squares.com,— verify on site,— (contact form),Fetch error — check site
32,Icreon,icreon.com,— verify on site,— (contact form),Site blocked automated fetch
33,Agent Image,agentimage.com,— verify on site,— (contact form),Site blocked automated fetch
34,360 Agency,360agency.com,— verify on site,— (contact form),No public info found
35,Vandelay Design,vandelaydesign.com,— verify on site,— (contact form),No public info found
36,Chumley,chumley.co,— verify on site,— (contact form),No public info found
37,Vital Agency,vital.agency,— verify on site,— (contact form),TLS issue on fetch
38,Kode Digital,codedigital.com,— verify on site,— (contact form),White-label dev shop — check site
39,Eskimoz,eskimoz.com,— verify on site,— (contact form),International SEO agency
40,Halo Media,hmltd.com,— verify on site,— (contact form),Digital/creative agency
